<?xml version="1.0" encoding="UTF-8"?>
<project-private xmlns="http://www.netbeans.org/ns/project-private/1">
    <editor-bookmarks xmlns="http://www.netbeans.org/ns/editor-bookmarks/2" lastBookmarkId="0"/>
    <open-files xmlns="http://www.netbeans.org/ns/projectui-open-files/2">
        <group name="Default">
            <file>file:/D:/OneDrive/Projects/HTBLA%20neu/POS3/Java%208/6%20H%20Streams/weapons.csv</file>
            <file>file:/D:/OneDrive/Projects/HTBLA%20neu/POS3/Java%208/6%20H%20Streams/test/net/htlgrieskirchen/pos3/streams/StreamsTest.java</file>
            <file>file:/D:/OneDrive/Projects/HTBLA%20neu/POS3/Java%208/6%20H%20Streams/src/net/htlgrieskirchen/pos3/streams/Streams.java</file>
        </group>
        <group>
            <file>file:/home/rsickinger/GoogleDrive/HTL/Programmieren/Hausuebungen/StreamsHue/Musterloesung/6%20H%20Streams/src/net/htlgrieskirchen/pos3/streams/Streams.java</file>
            <file>file:/home/rsickinger/GoogleDrive/HTL/Programmieren/Hausuebungen/StreamsHue/Musterloesung/6%20H%20Streams/src/net/htlgrieskirchen/pos3/streams/CombatType.java</file>
            <file>file:/home/rsickinger/GoogleDrive/HTL/Programmieren/Hausuebungen/StreamsHue/Musterloesung/6%20H%20Streams/src/net/htlgrieskirchen/pos3/streams/DamageType.java</file>
            <file>file:/home/rsickinger/GoogleDrive/HTL/Programmieren/Hausuebungen/StreamsHue/Musterloesung/6%20H%20Streams/src/net/htlgrieskirchen/pos3/streams/Weapon.java</file>
        </group>
    </open-files>
</project-private>
